source,target
/collections,https://espritaloe.fr/produits/
/notre-aloe,https://espritaloe.fr/notre-aloe/
/blog-collection,https://espritaloe.fr/blog/
/contact,https://espritaloe.fr/contact/
/devenir-distributeur-forever,https://espritaloe.fr/a-propos/
/mentions-legales,https://espritaloe.fr/mentions-legales/
/politique-de-confidentialite,https://espritaloe.fr/confidentialite/
/catalogue,https://espritaloe.fr/produits/
/catalogue-forever-2025,https://espritaloe.fr/produits/
/category/pulpe-aloe-vera-forever,https://espritaloe.fr/produits/boissons-aloe-vera/
/category/lespulpes,https://espritaloe.fr/produits/boissons-aloe-vera/
/category/bien-etre,https://espritaloe.fr/produits/cremes-et-gels/
/category/programme-fitness-forever,https://espritaloe.fr/produits/programmes-detox/
/category/sport-et-fitness,https://espritaloe.fr/produits/sport-et-fitness/
/category/nutrition,https://espritaloe.fr/produits/nutrition/
/lespulpes,https://espritaloe.fr/produits/boissons-aloe-vera/
/pulpe-aloe-vera-forever,https://espritaloe.fr/produits/boissons-aloe-vera/
/product/forever-pulpe-daloe-vera,https://espritaloe.fr/produits/forever-pulpe-daloe-vera/
/product/programme-c9-forever-vanille-peche,https://espritaloe.fr/produits/programme-c9-forever-vanille-peche/
/product/programme-c9-forever-chocolat-peche,https://espritaloe.fr/produits/programme-c9-forever-chocolat-peche/
/product/programme-dx4-forever,https://espritaloe.fr/produits/programme-dx4-forever/
/product/forever-freedom-confort-articulaire,https://espritaloe.fr/produits/forever-freedom-confort-articulaire/
/product/aloe-gelly-forever-gel-apaisant,https://espritaloe.fr/produits/aloe-gelly-forever-gel-apaisant/
/product/aloe-vera-forever-gelly-hydratez-votre-peau,https://espritaloe.fr/produits/aloe-gelly-forever-gel-apaisant/
/product/forever-aloe-propolis-creme,https://espritaloe.fr/produits/forever-aloe-propolis-creme/
/product/forever-aloe-msm-gel,https://espritaloe.fr/produits/forever-aloe-msm-gel/
/product/forever-aloe-berry-nectar,https://espritaloe.fr/produits/forever-aloe-berry-nectar/
/product/forever-aloe-mango,https://espritaloe.fr/produits/forever-aloe-mango/
/product/forever-aloe-vera-4pack,https://espritaloe.fr/produits/forever-aloe-vera-4pack/
/product/forever-4-pack-mix,https://espritaloe.fr/produits/forever-4-pack-mix/
/product/forever-argi-pls,https://espritaloe.fr/produits/forever-argi-pls/
/product/mini-aloe-argi-plus,https://espritaloe.fr/produits/mini-aloe-argi-plus/
/product/forever-aloe-ever-shield-deodorant-stick,https://espritaloe.fr/produits/forever-aloe-ever-shield-deodorant-stick/
/product/stick-deodorant-aloes-forever,https://espritaloe.fr/produits/forever-aloe-ever-shield-deodorant-stick/
/product/forever-aloe-liquid-soap,https://espritaloe.fr/produits/forever-aloe-liquid-soap/
/product/forever-aloe-avocado-face-and-body-soap,https://espritaloe.fr/produits/forever-aloe-avocado-face-and-body-soap/
/product/forever-bright-toothgel,https://espritaloe.fr/produits/dentifrice-forever-bright-toothgel/
/product/dentifrice-forever-bright-toothgel,https://espritaloe.fr/produits/dentifrice-forever-bright-toothgel/
/product/forever-fab-active-boost,https://espritaloe.fr/produits/forever-fab-active-boost/
/product/forever-therm,https://espritaloe.fr/produits/forever-therm/
/product/forever-lite-ultra-vanille,https://espritaloe.fr/produits/forever-lite-ultra-vanille/
/product/forever-lite-ultra-choco,https://espritaloe.fr/produits/forever-lite-ultra-choco/
/product/forever-logic-aloe-gel-nettoyant,https://espritaloe.fr/produits/forever-logic-aloe-gel-nettoyant/
/product/forever-aloe-vera-peche-bien-etre,https://espritaloe.fr/produits/forever-aloe-vera-peche-bien-etre/
/product/forever-argi-plus,https://espritaloe.fr/produits/forever-argi-pls/
/product/savon-aloe-avocat-forever,https://espritaloe.fr/produits/forever-aloe-avocado-face-and-body-soap/
/product/creme-aloe-propolis,https://espritaloe.fr/produits/forever-aloe-propolis-creme/
/forever-freedom,https://espritaloe.fr/produits/forever-freedom-confort-articulaire/
/forever-freedom-confort-articulaire,https://espritaloe.fr/produits/forever-freedom-confort-articulaire/
/forever-aloe-vera-peche,https://espritaloe.fr/produits/forever-aloe-vera-peche-bien-etre/
/forever-aloe-vera-peche-bien-etre,https://espritaloe.fr/produits/forever-aloe-vera-peche-bien-etre/
/forever-fab,https://espritaloe.fr/produits/forever-fab-active-boost/
/forever-fab-active-boost,https://espritaloe.fr/produits/forever-fab-active-boost/
/forever-aloe-vera-mangue,https://espritaloe.fr/produits/forever-aloe-mango/
/Forever-Aloe-Mango,https://espritaloe.fr/produits/forever-aloe-mango/
/forever-aloe-mango,https://espritaloe.fr/produits/forever-aloe-mango/
/forever-aloe-vera-berry-nectar,https://espritaloe.fr/produits/forever-aloe-berry-nectar/
/forever-aloe-berry-nectar,https://espritaloe.fr/produits/forever-aloe-berry-nectar/
/4pack-boisson-forever-aloe-vera,https://espritaloe.fr/produits/forever-aloe-vera-4pack/
/forever-aloe-vera-4pack,https://espritaloe.fr/produits/forever-aloe-vera-4pack/
/forever-argi,https://espritaloe.fr/produits/forever-argi-pls/
/forever-argi-plus,https://espritaloe.fr/produits/forever-argi-pls/
/savon-corps-et-visage-forever,https://espritaloe.fr/produits/forever-aloe-avocado-face-and-body-soap/
/savon-aloe-avocat-forever,https://espritaloe.fr/produits/forever-aloe-avocado-face-and-body-soap/
/forever-aloe-avocado-face-and-body-soap,https://espritaloe.fr/produits/forever-aloe-avocado-face-and-body-soap/
/aloe-propolis-creme-forever,https://espritaloe.fr/produits/forever-aloe-propolis-creme/
/creme-aloe-propolis,https://espritaloe.fr/produits/forever-aloe-propolis-creme/
/forever-aloe-propolis-creme,https://espritaloe.fr/produits/forever-aloe-propolis-creme/
/deodorant-forever,https://espritaloe.fr/produits/forever-aloe-ever-shield-deodorant-stick/
/stick-deodorant-aloes-forever,https://espritaloe.fr/produits/forever-aloe-ever-shield-deodorant-stick/
/forever-aloe-ever-shield-deodorant-stick,https://espritaloe.fr/produits/forever-aloe-ever-shield-deodorant-stick/
/dentifrice-forever-brigh-toothgel,https://espritaloe.fr/produits/dentifrice-forever-bright-toothgel/
/dentifrice-forever-bright-toothgel,https://espritaloe.fr/produits/dentifrice-forever-bright-toothgel/
/gel-forever-bright-tooth,https://espritaloe.fr/produits/forever-bright-toothgel/
/forever-bright-toothgel,https://espritaloe.fr/produits/forever-bright-toothgel/
/msm-forever-gel-peau-confort-articulaire,https://espritaloe.fr/produits/forever-aloe-msm-gel/
/forever-aloe-msm-gel,https://espritaloe.fr/produits/forever-aloe-msm-gel/
/aloe-liquid-soap-forever,https://espritaloe.fr/produits/forever-aloe-liquid-soap/
/forever-aloe-liquid-soap,https://espritaloe.fr/produits/forever-aloe-liquid-soap/
/post/programme-c9-forever-guide-cure-detox-9-jours,https://espritaloe.fr/blog/programme-c9-forever-guide-cure-detox-9-jours/
/post/aloe-vera-digestion-bienfaits,https://espritaloe.fr/blog/aloe-vera-digestion-bienfaits/
/post/aloe-vera-peau-beaute-bienfaits-forever,https://espritaloe.fr/blog/aloe-vera-peau-beaute-bienfaits-forever/
/post/aloe-vera-systeme-immunitaire-defenses-naturelles,https://espritaloe.fr/blog/aloe-vera-systeme-immunitaire-defenses-naturelles/
/post/aloe-vera-stress-sommeil-naturel,https://espritaloe.fr/blog/aloe-vera-stress-sommeil-naturel/
/post/aloe-vera-sport-recuperation-musculaire,https://espritaloe.fr/blog/aloe-vera-sport-recuperation-musculaire/
/post/aloe-vera-cheveux-cuir-chevelu-bienfaits,https://espritaloe.fr/blog/aloe-vera-cheveux-cuir-chevelu-bienfaits/
/post/forever-freedom-aloe-vera-articulations-mobilite,https://espritaloe.fr/blog/forever-freedom-aloe-vera-articulations-mobilite/
/post/perdre-du-poids-naturellement-forever-programmes-minceur,https://espritaloe.fr/blog/perdre-du-poids-naturellement-forever-programmes-minceur/
/post/les-bienfaits-de-la-pulpe-aloe-vera-pour-les-chevaux,https://espritaloe.fr/blog/
