page,clics,impressions,ctr,position
https://espritaloe.fr/blog/forever-living-avis-produits-france/,48,2169,2.21,6.4
https://espritaloe.fr/,1,213,0.47,25.6
https://espritaloe.fr/blog/fbo-forever-living-comment-ca-marche/,1,25,4.00,7.5
https://www.espritaloe.fr/,1,127,0.79,3.8
https://espritaloe.fr/a-propos/,0,4,0.00,3.3
https://espritaloe.fr/blog/,0,3,0.00,33.3
https://espritaloe.fr/blog/aloe-vera-cheveux-cuir-chevelu-bienfaits/,0,6,0.00,84.0
https://espritaloe.fr/blog/aloe-vera-digestion-bienfaits/,0,84,0.00,30.8
https://espritaloe.fr/blog/aloe-vera-peau-beaute-bienfaits-forever/,0,28,0.00,15.0
https://espritaloe.fr/blog/aloe-vera-sport-recuperation-musculaire/,0,5,0.00,29.2
https://espritaloe.fr/blog/aloe-vera-stress-sommeil-naturel/,0,3,0.00,22.3
https://espritaloe.fr/blog/aloe-vera-systeme-immunitaire-defenses-naturelles/,0,4,0.00,14.3
https://espritaloe.fr/blog/c9-forever-avis/,0,7,0.00,16.3
https://espritaloe.fr/blog/forever-freedom-aloe-vera-articulations-mobilite/,0,1,0.00,18.0
https://espritaloe.fr/blog/forever-living-franchise-ou-vente-directe/,0,8,0.00,10.0
https://espritaloe.fr/blog/perdre-du-poids-naturellement-forever-programmes-minceur/,0,21,0.00,5.3
https://espritaloe.fr/blog/programme-c9-forever-guide-cure-detox-9-jours/,0,16,0.00,29.4
https://espritaloe.fr/commander/,0,20,0.00,31.0
https://espritaloe.fr/contact/,0,10,0.00,8.0
https://espritaloe.fr/devenir-distributeur-forever-living-suisse/,0,5,0.00,7.6
https://espritaloe.fr/devenir-distributeur-forever-living/,0,79,0.00,15.8
https://espritaloe.fr/distributeur-forever-living-loire-atlantique/,0,38,0.00,12.2
https://espritaloe.fr/mon-journal-c9/,0,3,0.00,7.3
https://espritaloe.fr/notre-aloe/,0,11,0.00,33.9
https://espritaloe.fr/produits/,0,84,0.00,48.6
https://espritaloe.fr/produits/boissons-aloe-vera/,0,7,0.00,32.7
https://espritaloe.fr/produits/cremes-et-gels/,0,4,0.00,68.0
https://espritaloe.fr/produits/forever-aloe-avocado-face-and-body-soap/,0,8,0.00,18.9
https://espritaloe.fr/produits/forever-aloe-berry-nectar/,0,3,0.00,4.7
https://espritaloe.fr/produits/forever-aloe-ever-shield-deodorant-stick/,0,1,0.00,16.0
https://espritaloe.fr/produits/forever-aloe-liquid-soap/,0,1,0.00,12.0
https://espritaloe.fr/produits/forever-aloe-mango/,0,3,0.00,6.7
https://espritaloe.fr/produits/forever-aloe-vera-4pack/,0,1,0.00,9.0
https://espritaloe.fr/produits/forever-argi-pls/,0,4,0.00,6.3
https://espritaloe.fr/produits/forever-bright-toothgel/,0,1,0.00,38.0
https://espritaloe.fr/produits/forever-fab-active-boost/,0,8,0.00,20.0
https://espritaloe.fr/produits/forever-fast-break/,0,6,0.00,9.2
https://espritaloe.fr/produits/forever-freedom-confort-articulaire/,0,56,0.00,13.9
https://espritaloe.fr/produits/forever-lite-ultra-choco/,0,1,0.00,8.0
https://espritaloe.fr/produits/forever-lite-ultra-vanille/,0,8,0.00,9.8
https://espritaloe.fr/produits/forever-logic-aloe-essence-tonifiante/,0,1,0.00,7.0
https://espritaloe.fr/produits/forever-logic-aloe-gel-hydratant/,0,1,0.00,10.0
https://espritaloe.fr/produits/forever-marine-collagen/,0,9,0.00,62.7
https://espritaloe.fr/produits/forever-pulpe-daloe-vera/,0,156,0.00,41.0
https://espritaloe.fr/produits/forever-therm/,0,1,0.00,11.0
https://espritaloe.fr/produits/programme-c9-forever-vanille-peche/,0,5,0.00,14.8
https://espritaloe.fr/produits/programmes-detox/,0,15,0.00,49.5
https://espritaloe.fr/produits/sport-et-fitness/,0,6,0.00,53.8