page,requete,clics,impressions,ctr,position
https://espritaloe.fr/blog/forever-living-avis-produits-france/,c9 forever avis négatif,6,102,5.88,4.5
https://espritaloe.fr/blog/forever-living-avis-produits-france/,les produits forever sont-ils dangereux,5,229,2.18,6.5
https://espritaloe.fr/blog/forever-living-avis-produits-france/,forever avis négatif,3,46,6.52,5.3
https://espritaloe.fr/blog/forever-living-avis-produits-france/,c9 forever avis,2,17,11.76,10.8
https://espritaloe.fr/blog/forever-living-avis-produits-france/,forever living products avis négatif,2,36,5.56,5.2
https://espritaloe.fr/blog/forever-living-avis-produits-france/,c9 forever danger,1,8,12.50,5.1
https://espritaloe.fr/blog/forever-living-avis-produits-france/,cure c9 forever avis,1,10,10.00,5.4
https://espritaloe.fr/blog/forever-living-avis-produits-france/,forever c9 avis,1,4,25.00,6.5
https://espritaloe.fr/blog/forever-living-avis-produits-france/,forever complément alimentaire avis,1,13,7.69,7.7
https://espritaloe.fr/blog/forever-living-avis-produits-france/,forever living avis,1,19,5.26,9.1
https://espritaloe.fr/blog/forever-living-avis-produits-france/,forever living products avis,1,33,3.03,8.5
https://espritaloe.fr/blog/forever-living-avis-produits-france/,forever living products forum,1,4,25.00,12.0
https://espritaloe.fr/,aloe vera company forever,0,1,0.00,23.0
https://espritaloe.fr/,aloe vera fr,0,1,0.00,42.0
https://espritaloe.fr/,aloe vera living forever products,0,1,0.00,32.0
https://espritaloe.fr/,aloe vera pour tous,0,1,0.00,20.0
https://espritaloe.fr/,aloes forever,0,2,0.00,23.5
https://espritaloe.fr/,avignon,0,1,0.00,1.0
https://espritaloe.fr/,boutique forever,0,4,0.00,41.3
https://espritaloe.fr/,boutique forever living,0,6,0.00,25.3
https://espritaloe.fr/,commander produits forever living,0,1,0.00,23.0
https://espritaloe.fr/,distributeur forever,0,10,0.00,33.8
https://espritaloe.fr/,distributeur forever living,0,8,0.00,15.9
https://espritaloe.fr/,distributeur forever living products,0,1,0.00,14.0
https://espritaloe.fr/,fo rever,0,2,0.00,54.5
https://espritaloe.fr/,forever,0,16,0.00,35.8
https://espritaloe.fr/,forever aloe,0,2,0.00,41.0
https://espritaloe.fr/,forever commande en ligne,0,5,0.00,20.0
https://espritaloe.fr/,forever cosmetique,0,1,0.00,26.0
https://espritaloe.fr/,forever living,0,2,0.00,28.5
https://espritaloe.fr/,forever living distributeur,0,5,0.00,16.8
https://espritaloe.fr/,forever living france,0,7,0.00,16.4
https://espritaloe.fr/,forever living paris,0,1,0.00,36.0
https://espritaloe.fr/,forever living products france espace distributeur,0,1,0.00,17.0
https://espritaloe.fr/,forever produit,0,2,0.00,22.5
https://espritaloe.fr/,forever produits,0,2,0.00,26.5
https://espritaloe.fr/,forever-forever living,0,2,0.00,56.0
https://espritaloe.fr/,foreverliving,0,8,0.00,26.3
https://espritaloe.fr/,foreverliving products,0,1,0.00,48.0
https://espritaloe.fr/,forver,0,1,0.00,37.0
https://espritaloe.fr/,les forever,0,1,0.00,25.0
https://espritaloe.fr/,les produits forever,0,2,0.00,27.5
https://espritaloe.fr/,produit aloe vera vente domicile,0,6,0.00,16.2
https://espritaloe.fr/,produit forever aloe vera,0,1,0.00,23.0
https://espritaloe.fr/,produits forever,0,6,0.00,23.7
https://espritaloe.fr/,produits forever aloe vera,0,1,0.00,24.0
https://espritaloe.fr/,pulpe d'aloe vera forever,0,2,0.00,28.5
https://espritaloe.fr/,vdi aloe vera,0,4,0.00,33.5
https://espritaloe.fr/,vente a domicile aloe vera,0,7,0.00,23.6
https://espritaloe.fr/,vente de produit aloe vera a domicile,0,5,0.00,21.4
https://espritaloe.fr/,www.foreverliving.fr,0,2,0.00,40.0
https://espritaloe.fr/blog/,forever living avis,0,1,0.00,31.0
https://espritaloe.fr/blog/aloe-vera-cheveux-cuir-chevelu-bienfaits/,aloe vera cheveux bienfaits application,0,3,0.00,93.0
https://espritaloe.fr/blog/aloe-vera-cheveux-cuir-chevelu-bienfaits/,soin cuir chevelu irrité aloe vera,0,2,0.00,73.0
https://espritaloe.fr/blog/aloe-vera-digestion-bienfaits/,aloe vera constipation,0,6,0.00,50.0
https://espritaloe.fr/blog/aloe-vera-digestion-bienfaits/,aloe vera constipation chronique,0,4,0.00,60.8
https://espritaloe.fr/blog/aloe-vera-digestion-bienfaits/,aloe vera estomac avis,0,5,0.00,51.6
https://espritaloe.fr/blog/aloe-vera-digestion-bienfaits/,aloe vera et constipation,0,1,0.00,64.0
https://espritaloe.fr/blog/aloe-vera-digestion-bienfaits/,aloe vera et constipation chronique,0,6,0.00,70.7
https://espritaloe.fr/blog/aloe-vera-digestion-bienfaits/,aloe vera juice digestion,0,1,0.00,34.0
https://espritaloe.fr/blog/aloe-vera-digestion-bienfaits/,aloe vera transit,0,6,0.00,23.3
https://espritaloe.fr/blog/aloe-vera-digestion-bienfaits/,aloes constipation,0,1,0.00,73.0
https://espritaloe.fr/blog/aloe-vera-digestion-bienfaits/,combien de temps après le repas,0,1,0.00,2.0
https://espritaloe.fr/blog/aloe-vera-digestion-bienfaits/,comment utiliser l aloe vera pour l estomac,0,7,0.00,64.4
https://espritaloe.fr/blog/aloe-vera-digestion-bienfaits/,constipation aloe vera,0,1,0.00,62.0
https://espritaloe.fr/blog/aloe-vera-digestion-bienfaits/,gel aloe vera et intestin irritable,0,1,0.00,25.0
https://espritaloe.fr/blog/aloe-vera-peau-beaute-bienfaits-forever/,aloe vera peau mature,0,1,0.00,79.0
https://espritaloe.fr/blog/aloe-vera-peau-beaute-bienfaits-forever/,forever aloe vera gel bienfaits,0,1,0.00,21.0
https://espritaloe.fr/blog/aloe-vera-systeme-immunitaire-defenses-naturelles/,allovea immun,0,1,0.00,29.0
https://espritaloe.fr/blog/c9-forever-avis/,c9 forever avis négatif,0,1,0.00,21.0
https://espritaloe.fr/blog/c9-forever-avis/,forever avis,0,1,0.00,44.0
https://espritaloe.fr/blog/forever-living-avis-produits-france/,aloe cooling lotion,0,2,0.00,2.0
https://espritaloe.fr/blog/forever-living-avis-produits-france/,aloe first forever bienfaits,0,1,0.00,3.0
https://espritaloe.fr/blog/forever-living-avis-produits-france/,aloe heat lotion bienfaits,0,1,0.00,2.0
https://espritaloe.fr/blog/forever-living-avis-produits-france/,aloe heat lotion forever,0,1,0.00,8.0
https://espritaloe.fr/blog/forever-living-avis-produits-france/,aloe moisturizing lotion forever,0,1,0.00,3.0
https://espritaloe.fr/blog/forever-living-avis-produits-france/,aloe vera de forever,0,1,0.00,2.0
https://espritaloe.fr/blog/forever-living-avis-produits-france/,aloe vera forever,0,3,0.00,2.7
https://espritaloe.fr/blog/forever-living-avis-produits-france/,aloe vera forever avis,0,40,0.00,10.9
https://espritaloe.fr/blog/forever-living-avis-produits-france/,aloe vera forever catalogue,0,1,0.00,3.0
https://espritaloe.fr/blog/forever-living-avis-produits-france/,aloe vera pour tous,0,1,0.00,5.0
https://espritaloe.fr/blog/forever-living-avis-produits-france/,argi plus forever,0,1,0.00,3.0
https://espritaloe.fr/blog/forever-living-avis-produits-france/,argi+,0,1,0.00,3.0
https://espritaloe.fr/blog/forever-living-avis-produits-france/,argi+ forever,0,1,0.00,3.0
https://espritaloe.fr/blog/forever-living-avis-produits-france/,arnaque ou pas,0,1,0.00,3.0
https://espritaloe.fr/blog/forever-living-avis-produits-france/,avis forever,0,8,0.00,5.8
https://espritaloe.fr/blog/forever-living-avis-produits-france/,avis produit forever,0,1,0.00,12.0
https://espritaloe.fr/blog/forever-living-avis-produits-france/,avis produits forever,0,3,0.00,12.0
https://espritaloe.fr/blog/forever-living-avis-produits-france/,berry nectar forever,0,1,0.00,3.0
https://espritaloe.fr/blog/forever-living-avis-produits-france/,c9 forever avis médical,0,21,0.00,6.4
https://espritaloe.fr/blog/forever-living-avis-produits-france/,c9 forever living reviews,0,1,0.00,7.0
https://espritaloe.fr/blog/forever-living-avis-produits-france/,cardio health forever posologie,0,1,0.00,3.0
https://espritaloe.fr/blog/forever-living-avis-produits-france/,collagène forever,0,1,0.00,2.0
https://espritaloe.fr/blog/forever-living-avis-produits-france/,complément alimentaire forever,0,1,0.00,4.0
https://espritaloe.fr/blog/forever-living-avis-produits-france/,deo forever,0,1,0.00,2.0
https://espritaloe.fr/blog/forever-living-avis-produits-france/,déodorant forever,0,1,0.00,2.0
https://espritaloe.fr/blog/forever-living-avis-produits-france/,entreprise forever avis,0,14,0.00,6.4
https://espritaloe.fr/blog/forever-living-avis-produits-france/,farever avis,0,11,0.00,9.2
https://espritaloe.fr/blog/forever-living-avis-produits-france/,fiabilité?,0,1,0.00,2.0
https://espritaloe.fr/blog/forever-living-avis-produits-france/,fiber fusion forever,0,1,0.00,3.0
https://espritaloe.fr/blog/forever-living-avis-produits-france/,flp,0,1,0.00,2.0
https://espritaloe.fr/blog/forever-living-avis-produits-france/,focus forever,0,1,0.00,2.0
https://espritaloe.fr/blog/forever-living-avis-produits-france/,forever active pro b,0,2,0.00,3.0
https://espritaloe.fr/blog/forever-living-avis-produits-france/,forever active pro-b avis,0,1,0.00,3.0
https://espritaloe.fr/blog/forever-living-avis-produits-france/,forever aloe,0,1,0.00,2.0
https://espritaloe.fr/blog/forever-living-avis-produits-france/,forever aloe first spray,0,1,0.00,2.0
https://espritaloe.fr/blog/forever-living-avis-produits-france/,forever aloe vera avis,0,2,0.00,13.5
https://espritaloe.fr/blog/forever-living-avis-produits-france/,forever aloe vera gel avis,0,2,0.00,7.0
https://espritaloe.fr/blog/forever-living-avis-produits-france/,forever aloe vera gel bienfaits,0,1,0.00,2.0
https://espritaloe.fr/blog/forever-living-avis-produits-france/,forever aloeturm,0,1,0.00,5.0
https://espritaloe.fr/blog/forever-living-avis-produits-france/,forever avis,0,12,0.00,7.3
https://espritaloe.fr/blog/forever-living-avis-produits-france/,forever bee honey bienfaits,0,1,0.00,2.0
https://espritaloe.fr/blog/forever-living-avis-produits-france/,forever bee propolis tablets,0,1,0.00,2.0
https://espritaloe.fr/blog/forever-living-avis-produits-france/,forever bright toothgel,0,1,0.00,2.0
https://espritaloe.fr/blog/forever-living-avis-produits-france/,forever complément alimentaire,0,6,0.00,2.3
https://espritaloe.fr/blog/forever-living-avis-produits-france/,forever creme,0,1,0.00,2.0
https://espritaloe.fr/blog/forever-living-avis-produits-france/,forever daily posologie,0,1,0.00,3.0
https://espritaloe.fr/blog/forever-living-avis-produits-france/,forever entreprise,0,1,0.00,3.0
https://espritaloe.fr/blog/forever-living-avis-produits-france/,forever fiber bienfaits,0,1,0.00,2.0
https://espritaloe.fr/blog/forever-living-avis-produits-france/,forever forum,0,1,0.00,11.0
https://espritaloe.fr/blog/forever-living-avis-produits-france/,forever france,0,2,0.00,3.0
https://espritaloe.fr/blog/forever-living-avis-produits-france/,forever immune gummy bienfaits,0,1,0.00,3.0
https://espritaloe.fr/blog/forever-living-avis-produits-france/,forever kids prix abidjan,0,1,0.00,3.0
https://espritaloe.fr/blog/forever-living-avis-produits-france/,forever lite ultra,0,1,0.00,2.0
https://espritaloe.fr/blog/forever-living-avis-produits-france/,forever lite ultra bienfaits,0,3,0.00,3.0
https://espritaloe.fr/blog/forever-living-avis-produits-france/,forever lite ultra perte de poids,0,1,0.00,2.0
https://espritaloe.fr/blog/forever-living-avis-produits-france/,forever living,0,9,0.00,3.2
https://espritaloe.fr/blog/forever-living-avis-produits-france/,forever living avis médecin,0,19,0.00,5.3
https://espritaloe.fr/blog/forever-living-avis-produits-france/,forever living avis negatif,0,2,0.00,7.5
https://espritaloe.fr/blog/forever-living-avis-produits-france/,forever living product reviews,0,1,0.00,24.0
https://espritaloe.fr/blog/forever-living-avis-produits-france/,forever living products,0,7,0.00,3.4
https://espritaloe.fr/blog/forever-living-avis-produits-france/,forever living products france,0,3,0.00,13.3
https://espritaloe.fr/blog/forever-living-avis-produits-france/,forever marque,0,1,0.00,2.0
https://espritaloe.fr/blog/forever-living-avis-produits-france/,forever nature min,0,1,0.00,3.0
https://espritaloe.fr/blog/forever-living-avis-produits-france/,forever pate dentifrice,0,1,0.00,2.0
https://espritaloe.fr/blog/forever-living-avis-produits-france/,forever pro b,0,2,0.00,2.0
https://espritaloe.fr/blog/forever-living-avis-produits-france/,forever produit aloe vera,0,1,0.00,3.0
https://espritaloe.fr/blog/forever-living-avis-produits-france/,forever produits,0,1,0.00,4.0
https://espritaloe.fr/blog/forever-living-avis-produits-france/,forever produits avis,0,4,0.00,10.8
https://espritaloe.fr/blog/forever-living-avis-produits-france/,forever rabat,0,1,0.00,4.0
https://espritaloe.fr/blog/forever-living-avis-produits-france/,forever scrub,0,1,0.00,2.0
https://espritaloe.fr/blog/forever-living-avis-produits-france/,forever therm avis,0,1,0.00,3.0
https://espritaloe.fr/blog/forever-living-avis-produits-france/,forever therm effets secondaires,0,1,0.00,3.0
https://espritaloe.fr/blog/forever-living-avis-produits-france/,foreverliving,0,4,0.00,29.5
https://espritaloe.fr/blog/forever-living-avis-produits-france/,gel aloe vera forever,0,1,0.00,2.0
https://espritaloe.fr/blog/forever-living-avis-produits-france/,gommage forever,0,1,0.00,4.0
https://espritaloe.fr/blog/forever-living-avis-produits-france/,les produits forever sont ils dangereux,0,63,0.00,6.3
https://espritaloe.fr/blog/forever-living-avis-produits-france/,les produits forever sont-ils fiables,0,1,0.00,1.0
https://espritaloe.fr/blog/forever-living-avis-produits-france/,les retours clients,0,1,0.00,1.0
https://espritaloe.fr/blog/forever-living-avis-produits-france/,nutra q10 forever,0,1,0.00,2.0
https://espritaloe.fr/blog/forever-living-avis-produits-france/,omega 3 forever,0,1,0.00,2.0
https://espritaloe.fr/blog/forever-living-avis-produits-france/,produit forever,0,7,0.00,2.6
https://espritaloe.fr/blog/forever-living-avis-produits-france/,produit forever aloe vera,0,1,0.00,2.0
https://espritaloe.fr/blog/forever-living-avis-produits-france/,produit forever avis,0,18,0.00,10.1
https://espritaloe.fr/blog/forever-living-avis-produits-france/,produit forever pour maigrir prix,0,1,0.00,4.0
https://espritaloe.fr/blog/forever-living-avis-produits-france/,produit forever yuka,0,1,0.00,5.0
https://espritaloe.fr/blog/forever-living-avis-produits-france/,produits forever,0,6,0.00,3.5
https://espritaloe.fr/blog/forever-living-avis-produits-france/,produits forever aloe vera,0,2,0.00,2.0
https://espritaloe.fr/blog/forever-living-avis-produits-france/,produits forever avis,0,19,0.00,11.7
https://espritaloe.fr/blog/forever-living-avis-produits-france/,produits forever avis médical,0,60,0.00,7.9
https://espritaloe.fr/blog/forever-living-avis-produits-france/,produits forever living,0,1,0.00,3.0
https://espritaloe.fr/blog/forever-living-avis-produits-france/,produits forever ufc que choisir,0,1,0.00,10.0
https://espritaloe.fr/blog/forever-living-avis-produits-france/,produits forever ufc-que choisir,0,1,0.00,23.0
https://espritaloe.fr/blog/forever-living-avis-produits-france/,programme c9,0,1,0.00,2.0
https://espritaloe.fr/blog/forever-living-avis-produits-france/,programme c9 avis,0,2,0.00,11.0
https://espritaloe.fr/blog/forever-living-avis-produits-france/,programme c9 forever avis,0,2,0.00,9.5
https://espritaloe.fr/blog/forever-living-avis-produits-france/,pulpe aloe vera forever avis,0,1,0.00,18.0
https://espritaloe.fr/blog/forever-living-avis-produits-france/,pur aloe,0,1,0.00,6.0
https://espritaloe.fr/blog/forever-living-avis-produits-france/,rex maughan,0,1,0.00,3.0
https://espritaloe.fr/blog/forever-living-avis-produits-france/,serum forever,0,1,0.00,7.0
https://espritaloe.fr/blog/forever-living-avis-produits-france/,shampooing forever,0,1,0.00,3.0
https://espritaloe.fr/blog/forever-living-avis-produits-france/,skin oil forever,0,1,0.00,4.0
https://espritaloe.fr/blog/forever-living-avis-produits-france/,société forever,0,1,0.00,3.0
https://espritaloe.fr/blog/forever-living-avis-produits-france/,tous les deux,0,1,0.00,4.0
https://espritaloe.fr/blog/forever-living-avis-produits-france/,vital 5 forever,0,1,0.00,4.0
https://espritaloe.fr/blog/forever-living-avis-produits-france/,vitamine b12,0,1,0.00,2.0
https://espritaloe.fr/blog/forever-living-avis-produits-france/,هل شركة فوريفر حلال ام حرام,0,2,0.00,6.0
https://espritaloe.fr/blog/perdre-du-poids-naturellement-forever-programmes-minceur/,cardio health bienfaits,0,1,0.00,3.0
https://espritaloe.fr/blog/perdre-du-poids-naturellement-forever-programmes-minceur/,forever commande en ligne,0,1,0.00,4.0
https://espritaloe.fr/blog/perdre-du-poids-naturellement-forever-programmes-minceur/,forever therm,0,2,0.00,3.0
https://espritaloe.fr/blog/perdre-du-poids-naturellement-forever-programmes-minceur/,forever therm bienfaits,0,1,0.00,3.0
https://espritaloe.fr/blog/perdre-du-poids-naturellement-forever-programmes-minceur/,forever ultra,0,1,0.00,2.0
https://espritaloe.fr/blog/perdre-du-poids-naturellement-forever-programmes-minceur/,programme c9,0,1,0.00,2.0
https://espritaloe.fr/blog/programme-c9-forever-guide-cure-detox-9-jours/,cure c9 forever,0,3,0.00,24.3
https://espritaloe.fr/blog/programme-c9-forever-guide-cure-detox-9-jours/,detox c9,0,1,0.00,27.0
https://espritaloe.fr/blog/programme-c9-forever-guide-cure-detox-9-jours/,program c9 forever,0,1,0.00,17.0
https://espritaloe.fr/blog/programme-c9-forever-guide-cure-detox-9-jours/,programme c9,0,1,0.00,28.0
https://espritaloe.fr/blog/programme-c9-forever-guide-cure-detox-9-jours/,programme c9 forever,0,2,0.00,22.5
https://espritaloe.fr/commander/,produit aloe vera vente domicile,0,3,0.00,45.0
https://espritaloe.fr/commander/,vente a domicile aloe vera,0,3,0.00,53.3
https://espritaloe.fr/commander/,vente de produit aloe vera a domicile,0,3,0.00,51.3
https://espritaloe.fr/devenir-distributeur-forever-living/,devenir revendeur forever living suisse,0,4,0.00,10.3
https://espritaloe.fr/devenir-distributeur-forever-living/,distributeur forever,0,14,0.00,30.5
https://espritaloe.fr/devenir-distributeur-forever-living/,distributeur forever living,0,2,0.00,36.0
https://espritaloe.fr/devenir-distributeur-forever-living/,distributeur forever living products,0,1,0.00,25.0
https://espritaloe.fr/devenir-distributeur-forever-living/,forever living distributeur,0,3,0.00,22.0
https://espritaloe.fr/devenir-distributeur-forever-living/,franchise foreverliving,0,18,0.00,15.9
https://espritaloe.fr/distributeur-forever-living-loire-atlantique/,distributeur forever,0,4,0.00,28.5
https://espritaloe.fr/notre-aloe/,aloes forever,0,1,0.00,43.0
https://espritaloe.fr/notre-aloe/,forever culture,0,1,0.00,18.0
https://espritaloe.fr/notre-aloe/,forever the aloe vera,0,1,0.00,22.0
https://espritaloe.fr/produits/,aloe vera fr,0,1,0.00,63.0
https://espritaloe.fr/produits/,aloe vera produits,0,33,0.00,58.2
https://espritaloe.fr/produits/,espira aloe vera,0,3,0.00,75.0
https://espritaloe.fr/produits/,forever living products,0,1,0.00,50.0
https://espritaloe.fr/produits/,foreverliving.fr,0,1,0.00,71.0
https://espritaloe.fr/produits/,produit forever,0,1,0.00,30.0
https://espritaloe.fr/produits/,produits aloe vera,0,28,0.00,46.7
https://espritaloe.fr/produits/,produits aloe vera notre catalogue,0,2,0.00,72.5
https://espritaloe.fr/produits/boissons-aloe-vera/,aloe vera boisson forever,0,3,0.00,26.3
https://espritaloe.fr/produits/boissons-aloe-vera/,espira aloe vera,0,1,0.00,85.0
https://espritaloe.fr/produits/boissons-aloe-vera/,forever drink,0,1,0.00,36.0
https://espritaloe.fr/produits/cremes-et-gels/,espira aloe vera,0,3,0.00,88.3
https://espritaloe.fr/produits/forever-aloe-avocado-face-and-body-soap/,avocado soap,0,2,0.00,23.5
https://espritaloe.fr/produits/forever-aloe-avocado-face-and-body-soap/,savon avocado forever,0,1,0.00,29.0
https://espritaloe.fr/produits/forever-aloe-avocado-face-and-body-soap/,savon forever,0,2,0.00,26.5
https://espritaloe.fr/produits/forever-fab-active-boost/,forever active boost,0,1,0.00,67.0
https://espritaloe.fr/produits/forever-freedom-confort-articulaire/,forever freedom,0,8,0.00,32.8
https://espritaloe.fr/produits/forever-freedom-confort-articulaire/,forever freedom effet secondaire,0,9,0.00,10.1
https://espritaloe.fr/produits/forever-freedom-confort-articulaire/,forever freedom posologie,0,12,0.00,10.6
https://espritaloe.fr/produits/forever-freedom-confort-articulaire/,forever freedom prix,0,1,0.00,40.0
https://espritaloe.fr/produits/forever-freedom-confort-articulaire/,forever living forever freedom,0,1,0.00,33.0
https://espritaloe.fr/produits/forever-freedom-confort-articulaire/,oui,0,1,0.00,3.0
https://espritaloe.fr/produits/forever-marine-collagen/,collagene marin forever,0,3,0.00,62.3
https://espritaloe.fr/produits/forever-marine-collagen/,collagène forever,0,1,0.00,60.0
https://espritaloe.fr/produits/forever-marine-collagen/,collagène marin forever,0,2,0.00,62.0
https://espritaloe.fr/produits/forever-marine-collagen/,forever marine collagen,0,3,0.00,64.3
https://espritaloe.fr/produits/forever-pulpe-daloe-vera/,aloe gel forever,0,1,0.00,31.0
https://espritaloe.fr/produits/forever-pulpe-daloe-vera/,aloe vera forever,0,3,0.00,29.0
https://espritaloe.fr/produits/forever-pulpe-daloe-vera/,aloe vera forever gel,0,1,0.00,31.0
https://espritaloe.fr/produits/forever-pulpe-daloe-vera/,aloe vera gel forever,0,3,0.00,39.3
https://espritaloe.fr/produits/forever-pulpe-daloe-vera/,aloe vera pulpe,0,5,0.00,73.4
https://espritaloe.fr/produits/forever-pulpe-daloe-vera/,forever aloe gel,0,2,0.00,33.0
https://espritaloe.fr/produits/forever-pulpe-daloe-vera/,forever aloe vera gel,0,20,0.00,33.6
https://espritaloe.fr/produits/forever-pulpe-daloe-vera/,pulpe aloe vera,0,38,0.00,47.6
https://espritaloe.fr/produits/forever-pulpe-daloe-vera/,pulpe aloe vera forever,0,14,0.00,33.9
https://espritaloe.fr/produits/forever-pulpe-daloe-vera/,pulpe aloes,0,6,0.00,43.7
https://espritaloe.fr/produits/forever-pulpe-daloe-vera/,pulpe d aloe vera,0,16,0.00,43.4
https://espritaloe.fr/produits/forever-pulpe-daloe-vera/,pulpe d aloès,0,5,0.00,36.8
https://espritaloe.fr/produits/forever-pulpe-daloe-vera/,pulpe d'aloe vera,0,8,0.00,38.0
https://espritaloe.fr/produits/forever-pulpe-daloe-vera/,pulpe d'aloe vera forever,0,5,0.00,39.2
https://espritaloe.fr/produits/forever-pulpe-daloe-vera/,pulpe forever,0,2,0.00,33.0
https://espritaloe.fr/produits/forever-pulpe-daloe-vera/,stabilized aloe vera gel,0,4,0.00,67.8
https://espritaloe.fr/produits/programme-c9-forever-vanille-peche/,c9 vanilla,0,1,0.00,14.0
https://espritaloe.fr/produits/programmes-detox/,aloe detox,0,1,0.00,71.0
https://espritaloe.fr/produits/programmes-detox/,detox forever,0,1,0.00,20.0
https://espritaloe.fr/produits/programmes-detox/,dx4 forever,0,10,0.00,53.3
https://espritaloe.fr/produits/programmes-detox/,programme c9 forever,0,3,0.00,39.7
https://www.espritaloe.fr/,aloe,0,1,0.00,9.0
https://www.espritaloe.fr/,aloe forever,0,2,0.00,2.0
https://www.espritaloe.fr/,aloe vera,0,1,0.00,7.0
https://www.espritaloe.fr/,aloe vera forever,0,1,0.00,4.0
https://www.espritaloe.fr/,distributeur automatique,0,1,0.00,1.0
https://www.espritaloe.fr/,for ever,0,1,0.00,15.0
https://www.espritaloe.fr/,fore er,0,1,0.00,3.0
https://www.espritaloe.fr/,forever,0,78,0.00,4.3
https://www.espritaloe.fr/,forever aloe vera,0,1,0.00,3.0
https://www.espritaloe.fr/,forever nutrition,0,1,0.00,1.0
https://www.espritaloe.fr/,forevor,0,1,0.00,4.0
https://www.espritaloe.fr/,forver,0,2,0.00,4.0