requete,clics,impressions,ctr,position
c9 forever avis négatif,6,102,5.88,4.5
les produits forever sont-ils dangereux,5,229,2.18,6.5
forever avis négatif,3,46,6.52,5.3
c9 forever avis,2,17,11.76,10.8
forever living products avis négatif,2,36,5.56,5.2
c9 forever danger,1,8,12.50,5.1
cure c9 forever avis,1,10,10.00,5.4
forever c9 avis,1,4,25.00,6.5
forever complément alimentaire avis,1,13,7.69,7.7
forever living avis,1,20,5.00,10.2
forever living products avis,1,33,3.03,8.5
forever living products forum,1,4,25.00,12.0
allovea immun,0,1,0.00,29.0
aloe,0,1,0.00,9.0
aloe cooling lotion,0,2,0.00,2.0
aloe detox,0,1,0.00,71.0
aloe first forever bienfaits,0,1,0.00,3.0
aloe forever,0,2,0.00,2.0
aloe gel forever,0,1,0.00,31.0
aloe heat lotion bienfaits,0,1,0.00,2.0
aloe heat lotion forever,0,1,0.00,8.0
aloe moisturizing lotion forever,0,1,0.00,3.0
aloe vera,0,1,0.00,7.0
aloe vera boisson forever,0,3,0.00,26.3
aloe vera cheveux bienfaits application,0,3,0.00,93.0
aloe vera company forever,0,1,0.00,23.0
aloe vera constipation,0,6,0.00,50.0
aloe vera constipation chronique,0,4,0.00,60.8
aloe vera de forever,0,1,0.00,2.0
aloe vera estomac avis,0,5,0.00,51.6
aloe vera et constipation,0,1,0.00,64.0
aloe vera et constipation chronique,0,6,0.00,70.7
aloe vera forever,0,7,0.00,14.1
aloe vera forever avis,0,40,0.00,10.9
aloe vera forever catalogue,0,1,0.00,3.0
aloe vera forever gel,0,1,0.00,31.0
aloe vera fr,0,2,0.00,52.5
aloe vera gel forever,0,3,0.00,39.3
aloe vera juice digestion,0,1,0.00,34.0
aloe vera living forever products,0,1,0.00,32.0
aloe vera peau mature,0,1,0.00,79.0
aloe vera pour tous,0,2,0.00,12.5
aloe vera produits,0,33,0.00,58.2
aloe vera pulpe,0,5,0.00,73.4
aloe vera transit,0,6,0.00,23.3
aloes constipation,0,1,0.00,73.0
aloes forever,0,2,0.00,23.5
argi plus forever,0,1,0.00,3.0
argi+,0,1,0.00,3.0
argi+ forever,0,1,0.00,3.0
arnaque ou pas,0,1,0.00,3.0
avignon,0,1,0.00,1.0
avis forever,0,8,0.00,5.8
avis produit forever,0,1,0.00,12.0
avis produits forever,0,3,0.00,12.0
avocado soap,0,2,0.00,23.5
berry nectar forever,0,1,0.00,3.0
boutique forever,0,4,0.00,41.3
boutique forever living,0,6,0.00,25.3
c9 forever avis médical,0,21,0.00,6.4
c9 forever living reviews,0,1,0.00,7.0
c9 vanilla,0,1,0.00,14.0
cardio health bienfaits,0,1,0.00,3.0
cardio health forever posologie,0,1,0.00,3.0
collagene marin forever,0,3,0.00,62.3
collagène forever,0,2,0.00,31.0
collagène marin forever,0,2,0.00,62.0
combien de temps après le repas,0,1,0.00,2.0
commander produits forever living,0,1,0.00,23.0
comment utiliser l aloe vera pour l estomac,0,7,0.00,64.4
complément alimentaire forever,0,1,0.00,4.0
constipation aloe vera,0,1,0.00,62.0
cure c9 forever,0,3,0.00,24.3
deo forever,0,1,0.00,2.0
detox c9,0,1,0.00,27.0
detox forever,0,1,0.00,20.0
devenir revendeur forever living suisse,0,4,0.00,10.3
distributeur automatique,0,1,0.00,1.0
distributeur forever,0,16,0.00,26.9
distributeur forever living,0,9,0.00,18.1
distributeur forever living products,0,1,0.00,14.0
dx4 forever,0,10,0.00,53.3
déodorant forever,0,1,0.00,2.0
entreprise forever avis,0,14,0.00,6.4
espira aloe vera,0,4,0.00,78.0
farever avis,0,11,0.00,9.2
fiabilité?,0,1,0.00,2.0
fiber fusion forever,0,1,0.00,3.0
flp,0,1,0.00,2.0
fo rever,0,2,0.00,54.5
focus forever,0,1,0.00,2.0
for ever,0,1,0.00,15.0
fore er,0,1,0.00,3.0
forever,0,93,0.00,9.4
forever active boost,0,1,0.00,67.0
forever active pro b,0,2,0.00,3.0
forever active pro-b avis,0,1,0.00,3.0
forever aloe,0,3,0.00,28.0
forever aloe first spray,0,1,0.00,2.0
forever aloe gel,0,2,0.00,33.0
forever aloe vera,0,1,0.00,3.0
forever aloe vera avis,0,2,0.00,13.5
forever aloe vera gel,0,20,0.00,33.6
forever aloe vera gel avis,0,2,0.00,7.0
forever aloe vera gel bienfaits,0,2,0.00,11.5
forever aloeturm,0,1,0.00,5.0
forever avis,0,13,0.00,10.2
forever bee honey bienfaits,0,1,0.00,2.0
forever bee propolis tablets,0,1,0.00,2.0
forever bright toothgel,0,1,0.00,2.0
forever commande en ligne,0,6,0.00,17.3
forever complément alimentaire,0,6,0.00,2.3
forever cosmetique,0,1,0.00,26.0
forever creme,0,1,0.00,2.0
forever culture,0,1,0.00,18.0
forever daily posologie,0,1,0.00,3.0
forever drink,0,1,0.00,36.0
forever entreprise,0,1,0.00,3.0
forever fiber bienfaits,0,1,0.00,2.0
forever forum,0,1,0.00,11.0
forever france,0,2,0.00,3.0
forever freedom,0,8,0.00,32.8
forever freedom effet secondaire,0,9,0.00,10.1
forever freedom posologie,0,12,0.00,10.6
forever freedom prix,0,1,0.00,40.0
forever immune gummy bienfaits,0,1,0.00,3.0
forever kids prix abidjan,0,1,0.00,3.0
forever lite ultra,0,1,0.00,2.0
forever lite ultra bienfaits,0,3,0.00,3.0
forever lite ultra perte de poids,0,1,0.00,2.0
forever living,0,11,0.00,7.8
forever living avis médecin,0,19,0.00,5.3
forever living avis negatif,0,2,0.00,7.5
forever living distributeur,0,5,0.00,16.8
forever living forever freedom,0,1,0.00,33.0
forever living france,0,7,0.00,16.4
forever living paris,0,1,0.00,36.0
forever living product reviews,0,1,0.00,24.0
forever living products,0,8,0.00,9.3
forever living products france,0,3,0.00,13.3
forever living products france espace distributeur,0,1,0.00,17.0
forever marine collagen,0,3,0.00,64.3
forever marque,0,1,0.00,2.0
forever nature min,0,1,0.00,3.0
forever nutrition,0,1,0.00,1.0
forever pate dentifrice,0,1,0.00,2.0
forever pro b,0,2,0.00,2.0
forever produit,0,2,0.00,22.5
forever produit aloe vera,0,1,0.00,3.0
forever produits,0,3,0.00,19.0
forever produits avis,0,4,0.00,10.8
forever rabat,0,1,0.00,4.0
forever scrub,0,1,0.00,2.0
forever the aloe vera,0,1,0.00,22.0
forever therm,0,2,0.00,3.0
forever therm avis,0,1,0.00,3.0
forever therm bienfaits,0,1,0.00,3.0
forever therm effets secondaires,0,1,0.00,3.0
forever ultra,0,1,0.00,2.0
forever-forever living,0,2,0.00,56.0
foreverliving,0,12,0.00,27.3
foreverliving products,0,1,0.00,48.0
foreverliving.fr,0,1,0.00,71.0
forevor,0,1,0.00,4.0
forver,0,3,0.00,15.0
franchise foreverliving,0,18,0.00,15.9
gel aloe vera et intestin irritable,0,1,0.00,25.0
gel aloe vera forever,0,1,0.00,2.0
gommage forever,0,1,0.00,4.0
les forever,0,1,0.00,25.0
les produits forever,0,2,0.00,27.5
les produits forever sont ils dangereux,0,63,0.00,6.3
les produits forever sont-ils fiables,0,1,0.00,1.0
les retours clients,0,1,0.00,1.0
nutra q10 forever,0,1,0.00,2.0
omega 3 forever,0,1,0.00,2.0
oui,0,1,0.00,3.0
produit aloe vera vente domicile,0,9,0.00,25.8
produit forever,0,8,0.00,6.0
produit forever aloe vera,0,2,0.00,12.5
produit forever avis,0,18,0.00,10.1
produit forever pour maigrir prix,0,1,0.00,4.0
produit forever yuka,0,1,0.00,5.0
produits aloe vera,0,28,0.00,46.7
produits aloe vera notre catalogue,0,2,0.00,72.5
produits forever,0,12,0.00,13.6
produits forever aloe vera,0,3,0.00,9.3
produits forever avis,0,19,0.00,11.7
produits forever avis médical,0,60,0.00,7.9
produits forever living,0,1,0.00,3.0
produits forever ufc que choisir,0,1,0.00,10.0
produits forever ufc-que choisir,0,1,0.00,23.0
program c9 forever,0,1,0.00,17.0
programme c9,0,2,0.00,15.0
programme c9 avis,0,2,0.00,11.0
programme c9 forever,0,5,0.00,32.8
programme c9 forever avis,0,2,0.00,9.5
pulpe aloe vera,0,38,0.00,47.6
pulpe aloe vera forever,0,14,0.00,33.9
pulpe aloe vera forever avis,0,1,0.00,18.0
pulpe aloes,0,6,0.00,43.7
pulpe d aloe vera,0,16,0.00,43.4
pulpe d aloès,0,5,0.00,36.8
pulpe d'aloe vera,0,8,0.00,38.0
pulpe d'aloe vera forever,0,6,0.00,34.2
pulpe forever,0,2,0.00,33.0
pur aloe,0,1,0.00,6.0
rex maughan,0,1,0.00,3.0
savon avocado forever,0,1,0.00,29.0
savon forever,0,2,0.00,26.5
serum forever,0,1,0.00,7.0
shampooing forever,0,1,0.00,3.0
skin oil forever,0,1,0.00,4.0
société forever,0,1,0.00,3.0
soin cuir chevelu irrité aloe vera,0,2,0.00,73.0
stabilized aloe vera gel,0,4,0.00,67.8
tous les deux,0,1,0.00,4.0
vdi aloe vera,0,4,0.00,33.5
vente a domicile aloe vera,0,10,0.00,32.5
vente de produit aloe vera a domicile,0,8,0.00,32.6
vital 5 forever,0,1,0.00,4.0
vitamine b12,0,1,0.00,2.0
www.foreverliving.fr,0,2,0.00,40.0
هل شركة فوريفر حلال ام حرام,0,2,0.00,6.0